{
    "version": "v1",
    "corpus_size": 3,
    "avgdl": 16.333333333333332,
    "idf_word": [
        "trí",
        "tuệ",
        "nhân",
        "tạo",
        "được",
        "thành",
        "lập",
        "như",
        "một",
        "ngành",
        "học",
        "thuật",
        "vào",
        "năm",
        "1956",
        "alan",
        "ture",
        "là",
        "người",
        "đầu",
        "tiên",
        "thực",
        "hiện",
        "nghiên",
        "cứu",
        "đáng",
        "kể",
        "trong",
        "lĩnh",
        "vực",
        "sinh",
        "ra",
        "tại",
        "maida",
        "vale",
        "london",
        "nuôi",
        "dưỡng",
        "ở",
        "miền",
        "nam",
        "nước",
        "anh"
    ],
    "idf_value": [
        0.09206740893456807,
        0.09206740893456807,
        0.09206740893456807,
        0.09206740893456807,
        0.09206740893456807,
        0.5108256237659907,
        0.5108256237659907,
        0.5108256237659907,
        0.5108256237659907,
        0.5108256237659907,
        0.5108256237659907,
        0.5108256237659907,
        0.5108256237659907,
        0.5108256237659907,
        0.5108256237659907,
        0.5108256237659907,
        0.09206740893456807,
        0.5108256237659907,
        0.5108256237659907,
        0.5108256237659907,
        0.5108256237659907,
        0.5108256237659907,
        0.5108256237659907,
        0.5108256237659907,
        0.5108256237659907,
        0.5108256237659907,
        0.5108256237659907,
        0.5108256237659907,
        0.5108256237659907,
        0.5108256237659907,
        0.5108256237659907,
        0.5108256237659907,
        0.5108256237659907,
        0.5108256237659907,
        0.5108256237659907,
        0.5108256237659907,
        0.5108256237659907,
        0.5108256237659907,
        0.5108256237659907,
        0.5108256237659907,
        0.5108256237659907,
        0.5108256237659907,
        0.5108256237659907
    ],
    "k1": 1.5,
    "b": 0.75,
    "epsilon": 0.25
}